id;client_id;service_type_id;service_name;scheduled_at;agreed_price_cents;current_stage_id;notes;created_at;updated_at;duration_minutes;location;service_detail;image_consent_granted_at;image_consent_revoked_at;is_settled;calendly_event_uri;icloud_event_url;booking_event_type_id;booked_online_at;participants_count;deposit_cents
0056034e-c297-42c8-8585-60cfe7a1b377;cc3d9d25-e844-453f-88db-b0e0869f057f;73ce0d9a-b116-4f38-b1aa-c73028f53db8;Mini Sessione Natale;2026-11-20 17:00:00+00;12500;2f3a1f89-60b9-4ac8-b056-9683d5ebaaab;Età bambini, sesso  e rispettiva taglia (per disponibilità outfit in studio): 4;2026-10-01 07:02:43.801593+00;2026-10-01 07:02:44.380988+00;30;Studio Giulia Malosso Photography, Via Bassanese 365 Maser (TV);;;;false;;https://caldav.icloud.com/335668017/calendars/work/crm-session-0056034e-c297-42c8-8585-60cfe7a1b377.ics;5581e31d-5f95-4734-b338-7220befba1ae;2026-10-01 07:02:42.849+00;4;4000
005819f2-5d13-4975-82b0-562c9d068327;cc0b3e81-d21d-46eb-bd0c-91abd11ffa3c;8fcdab97-c105-497b-b871-461fa2835497;Kids;2026-08-31 09:00:00+00;10000;a0281326-ae1d-4ea2-9e1c-c4d622fc80fa;;2026-08-28 07:59:11.91055+00;2026-09-10 07:37:53.400374+00;60;;;;;false;;https://caldav.icloud.com/335668017/calendars/work/crm-session-005819f2-5d13-4975-82b0-562c9d068327.ics;;;;0
095af437-8cfa-4d7e-9c95-6fc8394e3d4a;ee317747-4bb0-4d61-8da8-40b79891c8e4;73ce0d9a-b116-4f38-b1aa-c73028f53db8;Mini Sessione Natale;2026-11-13 17:00:00+00;12500;2f3a1f89-60b9-4ac8-b056-9683d5ebaaab;Età bambini, sesso  e rispettiva taglia (per disponibilità outfit in studio): 4 mesi, maschietto. Al momento 3/6 mesi di taglia;2026-10-01 11:34:58.258403+00;2026-10-01 11:35:00.643241+00;30;Studio Giulia Malosso Photography, Via Bassanese 365 Maser (TV);;2026-10-01 11:34:57.315+00;;false;;https://caldav.icloud.com/335668017/calendars/work/crm-session-095af437-8cfa-4d7e-9c95-6fc8394e3d4a.ics;5581e31d-5f95-4734-b338-7220befba1ae;2026-10-01 11:34:57.315+00;3;4000
115ba110-bbe4-4ad6-a7ce-e30af0d26694;ae6db1d3-2555-402b-822f-c78b1363d94b;73ce0d9a-b116-4f38-b1aa-c73028f53db8;Mini Sessione Natale;2026-10-27 16:00:00+00;12500;2f3a1f89-60b9-4ac8-b056-9683d5ebaaab;Età bambini, sesso  e rispettiva taglia (per disponibilità outfit in studio): 2;2026-10-01 06:29:21.237808+00;2026-10-01 06:29:23.506221+00;30;Studio Giulia Malosso Photography, Via Bassanese 365 Maser (TV);;;;false;;https://caldav.icloud.com/335668017/calendars/work/crm-session-115ba110-bbe4-4ad6-a7ce-e30af0d26694.ics;5581e31d-5f95-4734-b338-7220befba1ae;2026-10-01 06:29:20.202+00;3;4000
13b80e62-8b39-40b7-921b-4cb9ab4da3d9;49746f14-ae91-44ec-b461-567ebacb80e6;aaa71a3a-e2b7-46dc-92a0-28a09636d4cd;Mini Sessione Autunno;2026-09-23 15:00:00+00;9000;fbf0b60a-1462-4ac1-a9fd-1e456a7ff9b6;;2026-09-10 07:22:41.499528+00;2026-09-29 11:49:17.818884+00;30;Studio;;;;false;;https://caldav.icloud.com/335668017/calendars/work/crm-session-13b80e62-8b39-40b7-921b-4cb9ab4da3d9.ics;;;;0
14735a70-b687-4aa7-950e-be16dc9dfe8c;13beaebe-a2ba-4eb5-bf18-bf61515715ea;73ce0d9a-b116-4f38-b1aa-c73028f53db8;Mini Sessione Natale;2026-11-26 17:00:00+00;12500;2f3a1f89-60b9-4ac8-b056-9683d5ebaaab;Età bambini, sesso  e rispettiva taglia (per disponibilità outfit in studio): Maddalena 22 mesi 86 cm;;;;;;;;;;;;;;
"Cesare 3 anni (92/98cm)""";2026-10-02 20:24:19.950179+00;2026-10-02 20:24:22.78781+00;30;Studio Giulia Malosso Photography, Via Bassanese 365 Maser (TV);;2026-10-02 20:24:19.119+00;;false;;https://caldav.icloud.com/335668017/calendars/work/crm-session-14735a70-b687-4aa7-950e-be16dc9dfe8c.ics;5581e31d-5f95-4734-b338-7220befba1ae;2026-10-02 20:24:19.119+00;4;4000;;;;;;;
1c2a6229-682e-429c-b3c8-12f4dbdbb969;05115ad6-50e6-4386-9b69-8c778fc1d227;73ce0d9a-b116-4f38-b1aa-c73028f53db8;Mini Sessione Natale;2026-11-14 09:00:00+00;14500;2f3a1f89-60b9-4ac8-b056-9683d5ebaaab;Età bambini, sesso  e rispettiva taglia (per disponibilità outfit in studio): Bimba 2 anni taglia 86 cm;2026-10-01 13:27:18.948366+00;2026-10-01 13:27:20.819506+00;30;Studio Giulia Malosso Photography, Via Bassanese 365 Maser (TV);;;;false;;https://caldav.icloud.com/335668017/calendars/work/crm-session-1c2a6229-682e-429c-b3c8-12f4dbdbb969.ics;5581e31d-5f95-4734-b338-7220befba1ae;2026-10-01 13:27:18.11+00;3;4000
2c599688-0a63-4b9e-bf94-c9ea58545b27;93412c78-b48f-4757-998d-9f600136be4a;d3154720-45a1-4303-ad93-2f0d42baede8;Maternità;2026-09-23 16:00:00+00;18000;79f3d5fb-19e0-4d03-bb64-b3fcc99317f2;;2026-09-08 09:25:23.343548+00;2026-09-29 08:06:57.828185+00;45;Studio;;;;false;;https://caldav.icloud.com/335668017/calendars/work/crm-session-2c599688-0a63-4b9e-bf94-c9ea58545b27.ics;;;;0
353af0ee-5f22-4fa9-bd06-eccc44ef8522;8766df89-16d6-49ef-ae37-08228877be48;73ce0d9a-b116-4f38-b1aa-c73028f53db8;Mini Sessione Natale;2026-11-17 17:00:00+00;12500;2f3a1f89-60b9-4ac8-b056-9683d5ebaaab;Età bambini, sesso  e rispettiva taglia (per disponibilità outfit in studio): Bimbo 15 mesi vestibilita 24 mesi;2026-10-04 13:50:25.5497+00;2026-10-04 13:50:27.808796+00;30;Studio Giulia Malosso Photography, Via Bassanese 365 Maser (TV);;2026-10-04 13:50:24.683+00;;false;;https://caldav.icloud.com/335668017/calendars/work/crm-session-353af0ee-5f22-4fa9-bd06-eccc44ef8522.ics;5581e31d-5f95-4734-b338-7220befba1ae;2026-10-04 13:50:24.683+00;3;4000
36a7741d-4759-4658-8c30-f4ec5132e801;1c112239-a241-4f25-8661-9f6458af1eae;73ce0d9a-b116-4f38-b1aa-c73028f53db8;Mini Sessione Natale;2026-11-05 16:00:00+00;12500;2f3a1f89-60b9-4ac8-b056-9683d5ebaaab;Età bambini, sesso  e rispettiva taglia (per disponibilità outfit in studio): Carlo Alberto, 11 anni;;;;;;;;;;;;;;
Giorgia;" 3 anni (4 a fine novembre)""";2026-10-01 08:18:35.857129+00;2026-10-01 08:18:38.648741+00;30;Studio Giulia Malosso Photography, Via Bassanese 365 Maser (TV);;2026-10-01 08:18:35.107+00;;false;;https://caldav.icloud.com/335668017/calendars/work/crm-session-36a7741d-4759-4658-8c30-f4ec5132e801.ics;5581e31d-5f95-4734-b338-7220befba1ae;2026-10-01 08:18:35.107+00;2;4000;;;;;;
53fd3c37-229f-4621-8916-0b657bee01fc;35145d73-ff2f-46c2-beaf-ddbb5df5ce27;da54f30b-2e31-493e-8b41-606c4084cfd3;Mini Sessione Bambini;2026-07-27 07:00:00+00;9500;a0281326-ae1d-4ea2-9e1c-c4d622fc80fa;;2026-08-28 07:59:11.603781+00;2026-09-25 13:18:18.192162+00;60;;;;;false;;https://caldav.icloud.com/335668017/calendars/work/crm-session-53fd3c37-229f-4621-8916-0b657bee01fc.ics;;;;0
57dd7150-f032-4dfe-9d6b-fd30f6171684;728cdd34-1ef1-4fdb-be34-43e2f258eebd;73ce0d9a-b116-4f38-b1aa-c73028f53db8;Mini Sessione Natale;2026-11-28 10:00:00+00;14500;2f3a1f89-60b9-4ac8-b056-9683d5ebaaab;Età bambini, sesso  e rispettiva taglia (per disponibilità outfit in studio): 15 anni;;;;;;;;;;;;;;
4anni tg. 104/110;;;;;;;;;;;;;;;;;;;;;
"8mesi tg. 74""";2026-10-01 10:05:46.874285+00;2026-10-01 10:05:48.783139+00;30;Studio Giulia Malosso Photography, Via Bassanese 365 Maser (TV);;2026-10-01 10:05:46.468+00;;false;;https://caldav.icloud.com/335668017/calendars/work/crm-session-57dd7150-f032-4dfe-9d6b-fd30f6171684.ics;5581e31d-5f95-4734-b338-7220befba1ae;2026-10-01 10:05:46.468+00;5;4000;;;;;;;
6ec0c658-1c03-4be8-b946-18dd82592fe6;f9d95371-21cd-4ebd-a816-d38e6e83dc4b;d3154720-45a1-4303-ad93-2f0d42baede8;Maternità;2026-07-29 16:30:00+00;0;a0281326-ae1d-4ea2-9e1c-c4d622fc80fa;;2026-08-31 12:02:40.355111+00;2026-09-25 13:18:10.767274+00;30;;;;;true;;https://caldav.icloud.com/335668017/calendars/work/crm-session-6ec0c658-1c03-4be8-b946-18dd82592fe6.ics;;;;0
720bdc7a-7634-45f6-b1fc-72429baa78ec;8628c5d6-c6f2-4413-bc04-79c3544027db;3c2263ed-e2f6-4ef4-a798-c57319e24fd8;Famiglia;2026-09-19 16:00:00+00;29500;79f3d5fb-19e0-4d03-bb64-b3fcc99317f2;pacchetto gold + supplemento sabato + gift card;2026-09-03 09:55:46.331488+00;2026-10-01 11:03:06.960854+00;60;Esterna;;;;false;;https://caldav.icloud.com/335668017/calendars/work/crm-session-720bdc7a-7634-45f6-b1fc-72429baa78ec.ics;;;;0
7c22f7f4-3d75-46df-ab5c-8957aee0f1f6;134da0c8-8715-4d62-aaf5-b9cb6a2b278e;3c2263ed-e2f6-4ef4-a798-c57319e24fd8;Famiglia;2026-06-05 07:00:00+00;20000;a0281326-ae1d-4ea2-9e1c-c4d622fc80fa;;2026-08-28 07:59:10.261935+00;2026-08-28 10:13:22.914207+00;60;;;;;false;;;;;;0
7d08d56d-25ab-4aa2-86fb-059a559f1ffa;faff6439-7d9d-4141-aea7-3cca07201bfb;3c2263ed-e2f6-4ef4-a798-c57319e24fd8;Famiglia;2026-09-16 15:30:00+00;21000;a0281326-ae1d-4ea2-9e1c-c4d622fc80fa;1;2026-09-03 09:50:16.609128+00;2026-09-25 12:40:17.17159+00;60;Esterna;;2026-09-22 09:17:49.899+00;;false;;https://caldav.icloud.com/335668017/calendars/work/crm-session-7d08d56d-25ab-4aa2-86fb-059a559f1ffa.ics;;;;0
8a7637f6-ea99-48ec-b2ee-a5691ea6ddef;0a50cf8a-5479-433e-ab64-9d5afbad7736;73ce0d9a-b116-4f38-b1aa-c73028f53db8;Mini Sessione Natale;2026-11-28 09:00:00+00;14500;2f3a1f89-60b9-4ac8-b056-9683d5ebaaab;Età bambini, sesso  e rispettiva taglia (per disponibilità outfit in studio): Linda 5 anni;;;;;;;;;;;;;;
"Enea 5 mesi""";2026-10-02 09:01:08.137784+00;2026-10-02 09:01:10.645478+00;30;Studio Giulia Malosso Photography, Via Bassanese 365 Maser (TV);;;;false;;https://caldav.icloud.com/335668017/calendars/work/crm-session-8a7637f6-ea99-48ec-b2ee-a5691ea6ddef.ics;5581e31d-5f95-4734-b338-7220befba1ae;2026-10-02 09:01:07.516+00;4;4000;;;;;;;
92a22b9d-58c5-41a1-ac7a-8736a4fb1a4b;bbef775a-74df-447e-9cc1-4294d4372b46;3c2263ed-e2f6-4ef4-a798-c57319e24fd8;Famiglia;2026-06-08 07:00:00+00;21000;a0281326-ae1d-4ea2-9e1c-c4d622fc80fa;;2026-08-28 07:59:09.389121+00;2026-08-28 10:13:36.346691+00;60;;;;;false;;;;;;0
9999dfc9-b401-4547-9c5e-3f1a979cf904;cc3d9d25-e844-453f-88db-b0e0869f057f;73ce0d9a-b116-4f38-b1aa-c73028f53db8;Mini Sessione Natale;2026-11-27 17:00:00+00;12500;2f3a1f89-60b9-4ac8-b056-9683d5ebaaab;Età bambini, sesso  e rispettiva taglia (per disponibilità outfit in studio): 4;2026-10-01 07:01:56.050502+00;2026-10-01 07:01:58.10679+00;30;Studio Giulia Malosso Photography, Via Bassanese 365 Maser (TV);;;;false;;https://caldav.icloud.com/335668017/calendars/work/crm-session-9999dfc9-b401-4547-9c5e-3f1a979cf904.ics;5581e31d-5f95-4734-b338-7220befba1ae;2026-10-01 07:01:55.478+00;4;4000
9a0d9bb5-21b9-453b-af92-3bfaa81cd66a;df589dc9-09b2-4909-b50b-c6de10adcc9f;3c2263ed-e2f6-4ef4-a798-c57319e24fd8;Famiglia;2026-07-07 07:00:00+00;16000;a0281326-ae1d-4ea2-9e1c-c4d622fc80fa;;2026-08-28 07:59:10.771004+00;2026-08-28 10:14:07.385131+00;60;;;;;false;;;;;;0
9e654640-53ec-446f-8fde-deaa9edba7ae;35145d73-ff2f-46c2-beaf-ddbb5df5ce27;5e66fac5-f7ed-4c4a-b02a-81ecdb9738f4;Provini Extra;2026-07-27 13:56:00+00;3200;a0281326-ae1d-4ea2-9e1c-c4d622fc80fa;4 Foto extra;2026-08-31 11:56:40.246601+00;2026-08-31 11:57:04.488942+00;30;;;;;false;;;;;;0
9ed9f68b-04b1-4579-a669-4504aeea0730;cc3d9d25-e844-453f-88db-b0e0869f057f;73ce0d9a-b116-4f38-b1aa-c73028f53db8;Mini Sessione Natale;2026-11-07 09:00:00+00;14500;2f3a1f89-60b9-4ac8-b056-9683d5ebaaab;Età bambini, sesso  e rispettiva taglia (per disponibilità outfit in studio): 3;2026-10-05 07:01:46.693601+00;2026-10-05 07:01:49.03865+00;30;Studio Giulia Malosso Photography, Via Bassanese 365 Maser (TV);;;;false;;https://caldav.icloud.com/335668017/calendars/work/crm-session-9ed9f68b-04b1-4579-a669-4504aeea0730.ics;5581e31d-5f95-4734-b338-7220befba1ae;2026-10-05 07:01:45.904+00;3;4000
a608dedf-15ff-46c6-8db4-15b904149df5;6193acda-5b71-4278-8471-358aee03d78f;3c2263ed-e2f6-4ef4-a798-c57319e24fd8;Famiglia;2026-09-03 18:30:00+00;16000;a0281326-ae1d-4ea2-9e1c-c4d622fc80fa;15 file post prodotti;2026-08-31 12:49:27.161467+00;2026-10-01 08:17:59.189939+00;45;;;;;false;;https://caldav.icloud.com/335668017/calendars/work/crm-session-a608dedf-15ff-46c6-8db4-15b904149df5.ics;;;;0
a6cda195-6d2b-4444-878e-a48b94488452;f2b5b754-6fe0-47e6-a612-594d8e9a2455;d3154720-45a1-4303-ad93-2f0d42baede8;Maternità;2026-06-15 07:00:00+00;21500;a0281326-ae1d-4ea2-9e1c-c4d622fc80fa;;2026-08-28 07:59:09.297639+00;2026-08-28 10:13:46.272409+00;60;;;;;false;;;;;;0
a944c863-2194-4e3e-81cc-61a9f1369f4f;fe58448e-7b74-4d49-b295-c2a151d8aab8;3c2263ed-e2f6-4ef4-a798-c57319e24fd8;Famiglia;2026-09-14 16:00:00+00;16000;a0281326-ae1d-4ea2-9e1c-c4d622fc80fa;;2026-08-28 07:59:10.496951+00;2026-09-30 09:03:24.700156+00;45;;;;;false;;https://caldav.icloud.com/335668017/calendars/work/crm-session-a944c863-2194-4e3e-81cc-61a9f1369f4f.ics;;;;0
ac8a35cd-f034-4da8-92eb-26fdd06dc682;de17ce6b-1996-4e27-a0d7-2abb3ec7efa0;aaa71a3a-e2b7-46dc-92a0-28a09636d4cd;Mini Sessione Autunno;2026-09-22 15:00:00+00;9000;a0281326-ae1d-4ea2-9e1c-c4d622fc80fa;;2026-09-08 10:00:09.343887+00;2026-09-29 08:06:51.843812+00;30;studio;;;;false;;https://caldav.icloud.com/335668017/calendars/work/crm-session-ac8a35cd-f034-4da8-92eb-26fdd06dc682.ics;;;;0
b182c5c1-b67e-4c91-bd3f-564d13283902;134da0c8-8715-4d62-aaf5-b9cb6a2b278e;5e66fac5-f7ed-4c4a-b02a-81ecdb9738f4;Provini Extra;2026-06-05 09:00:00+00;5800;a0281326-ae1d-4ea2-9e1c-c4d622fc80fa;;2026-08-28 07:59:11.313595+00;2026-08-28 10:13:30.506806+00;60;;;;;false;;;;;;0
b6915a61-c609-4627-b809-70977e695513;60f0d51e-a29d-4a25-ab1e-280575010fb5;3c2263ed-e2f6-4ef4-a798-c57319e24fd8;Famiglia;2026-05-16 07:00:00+00;17500;a0281326-ae1d-4ea2-9e1c-c4d622fc80fa;;2026-08-28 07:59:09.63613+00;2026-08-28 10:13:04.802521+00;60;;;;;false;;;;;;0
b91afd77-5e45-45be-93e8-c2489620eaf9;e1cbe48e-58db-4188-8c81-17fe49423bc6;73ce0d9a-b116-4f38-b1aa-c73028f53db8;Mini Sessione Natale;2026-11-19 17:00:00+00;12500;2f3a1f89-60b9-4ac8-b056-9683d5ebaaab;È possibile portare anche il cane per fare una fotina anche con lui ? Poi lo metterei subito in macchina !;;;;;;;;;;;;;;
;;;;;;;;;;;;;;;;;;;;;
Età bambini;" sesso  e rispettiva taglia (per disponibilità outfit in studio): Victoria 12 anni""";2026-10-01 17:49:18.313129+00;2026-10-01 17:49:20.365331+00;30;Studio Giulia Malosso Photography, Via Bassanese 365 Maser (TV);;2026-10-01 17:49:17.272+00;;false;;https://caldav.icloud.com/335668017/calendars/work/crm-session-b91afd77-5e45-45be-93e8-c2489620eaf9.ics;5581e31d-5f95-4734-b338-7220befba1ae;2026-10-01 17:49:17.272+00;2;4000;;;;;;
c0c176ba-9542-480e-aa45-5d53290c1283;d10c48e2-9d71-4e66-9122-a7f5415faecc;5e66fac5-f7ed-4c4a-b02a-81ecdb9738f4;Provini Extra;2026-06-05 08:00:00+00;7000;a0281326-ae1d-4ea2-9e1c-c4d622fc80fa;;2026-08-28 07:59:11.209488+00;2026-08-28 10:12:02.755679+00;60;;;;;false;;;;;;0
c17a6161-d2f8-4347-8037-d6d36b3efe96;f65a9bdf-1633-4979-8117-e9385ff6dac9;d27d1bb0-5bd8-49a0-b77c-efdb825168b2;Ritratto;2026-09-08 15:00:00+00;12000;a0281326-ae1d-4ea2-9e1c-c4d622fc80fa;Ritratto in Studio;2026-08-31 12:25:01.073987+00;2026-09-18 06:50:15.800765+00;40;Studio;;2026-09-10 07:08:33.153+00;;false;;https://caldav.icloud.com/335668017/calendars/work/crm-session-c17a6161-d2f8-4347-8037-d6d36b3efe96.ics;;;;0
c72c2e76-0d45-4491-9255-3ab73c672845;b4315abc-4ae6-43ed-9f43-bbc5209ca643;d3154720-45a1-4303-ad93-2f0d42baede8;Maternità;2026-05-19 07:00:00+00;22300;a0281326-ae1d-4ea2-9e1c-c4d622fc80fa;;2026-08-28 07:59:09.846121+00;2026-08-28 10:13:10.463999+00;60;;;;;false;;;;;;0
c8006497-1cac-4c90-8b2e-2b90b8568d94;d8a213d0-b1a3-4c5c-9342-0f0b39d7ac0e;da54f30b-2e31-493e-8b41-606c4084cfd3;Mini Sessione Bambini;2026-07-28 07:00:00+00;9500;a0281326-ae1d-4ea2-9e1c-c4d622fc80fa;;2026-08-28 07:59:11.511373+00;2026-09-25 13:18:13.326622+00;60;;;;;false;;https://caldav.icloud.com/335668017/calendars/work/crm-session-c8006497-1cac-4c90-8b2e-2b90b8568d94.ics;;;;0
dbf9449b-040b-4cd4-a0c6-5158039aaefe;cc3d9d25-e844-453f-88db-b0e0869f057f;73ce0d9a-b116-4f38-b1aa-c73028f53db8;Mini Sessione Natale;2026-11-07 10:00:00+00;14500;2f3a1f89-60b9-4ac8-b056-9683d5ebaaab;Età bambini, sesso  e rispettiva taglia (per disponibilità outfit in studio): 3;2026-10-05 07:03:06.484179+00;2026-10-05 07:03:07.001734+00;30;Studio Giulia Malosso Photography, Via Bassanese 365 Maser (TV);;;;false;;https://caldav.icloud.com/335668017/calendars/work/crm-session-dbf9449b-040b-4cd4-a0c6-5158039aaefe.ics;5581e31d-5f95-4734-b338-7220befba1ae;2026-10-05 07:03:05.902+00;3;4000
df001ebc-8f49-4392-9f46-0e0140603f04;20e9ce62-77c2-4071-bfd7-bef0e2a750a9;d27d1bb0-5bd8-49a0-b77c-efdb825168b2;Ritratto;2026-08-03 07:00:00+00;9000;a0281326-ae1d-4ea2-9e1c-c4d622fc80fa;;2026-08-28 07:59:11.793498+00;2026-09-25 13:18:15.363126+00;60;;;;;false;;https://caldav.icloud.com/335668017/calendars/work/crm-session-df001ebc-8f49-4392-9f46-0e0140603f04.ics;;;;0
e9b1c9c3-5ab5-4c7a-80a9-bb13fd09c819;df46c130-eba1-4c25-be52-07ce2b293413;d27d1bb0-5bd8-49a0-b77c-efdb825168b2;Ritratto;2026-09-10 09:00:00+00;12000;a0281326-ae1d-4ea2-9e1c-c4d622fc80fa;Maser;2026-08-31 12:22:11.818326+00;2026-09-25 09:26:24.55068+00;40;Maser;;;;false;;https://caldav.icloud.com/335668017/calendars/work/crm-session-e9b1c9c3-5ab5-4c7a-80a9-bb13fd09c819.ics;;;;0
eb6b4f20-32ab-424f-843c-af83ab298c04;5cd39638-8cd9-4cb4-be7d-d453fc70e04b;73ce0d9a-b116-4f38-b1aa-c73028f53db8;Mini Sessione Natale;2026-11-24 17:00:00+00;12500;2f3a1f89-60b9-4ac8-b056-9683d5ebaaab;Età bambini, sesso  e rispettiva taglia (per disponibilità outfit in studio): 20 mesi maschio 18-24;2026-10-01 19:31:21.956499+00;2026-10-01 19:31:23.847902+00;30;Studio Giulia Malosso Photography, Via Bassanese 365 Maser (TV);;2026-10-01 19:31:21.366+00;;false;;https://caldav.icloud.com/335668017/calendars/work/crm-session-eb6b4f20-32ab-424f-843c-af83ab298c04.ics;5581e31d-5f95-4734-b338-7220befba1ae;2026-10-01 19:31:21.366+00;3;4000
f8127f30-1bd0-443b-9c1f-ec442a1418e1;ee317747-4bb0-4d61-8da8-40b79891c8e4;d3154720-45a1-4303-ad93-2f0d42baede8;Maternità;2026-06-30 07:00:00+00;21500;a0281326-ae1d-4ea2-9e1c-c4d622fc80fa;;2026-08-28 07:59:10.062546+00;2026-08-28 10:13:56.845297+00;60;;;;;false;;;;;;0
f8ea84b7-73f0-4fcd-b17b-9098fe6dabe6;acb06c89-cebf-4860-b083-de76e695e747;71cf1364-d5af-494c-b11b-72a077472a91;Commerciale;2026-06-20 07:00:00+00;20000;a0281326-ae1d-4ea2-9e1c-c4d622fc80fa;;2026-08-28 07:59:10.899403+00;2026-08-28 10:13:50.771405+00;60;;;;;false;;;;;;0
fbcd6177-f2b3-49d7-8457-9dffc1343b21;d10c48e2-9d71-4e66-9122-a7f5415faecc;8fcdab97-c105-497b-b871-461fa2835497;Kids;2026-05-26 07:00:00+00;10000;a0281326-ae1d-4ea2-9e1c-c4d622fc80fa;;2026-08-28 07:59:11.120339+00;2026-08-28 10:13:18.101126+00;60;;;;;false;;;;;;0
